row_id,result
1,"101,102,103"
2,"101,102,103"
3,"101,102,103"
4,"101,102,103"
5,"101,102,103"
6,"101,102,103"
7,"101,102,103"
8,"101,102,103"
9,"101,102,103"
10,"101,102,103"
11,"101,102,103"
12,"101,102,103"
13,"101,102,103"
14,"101,102,103"
15,"101,102,103"
16,"101,102,103"
17,"101,102,103"
18,"101,102,103"
19,"101,102,103"
20,"101,102,103"
21,"101,102,103"
22,"101,102,103"
23,"101,102,103"
24,"101,102,103"
25,"101,102,103"
26,"101,102,103"
27,"101,102,103"
28,"101,102,103"
29,"101,102,103"
30,"101,102,103"
31,"101,102,103"
32,"101,102,103"
33,"101,102,103"
34,"101,102,103"
35,"101,102,103"
36,"101,102,103"
37,"101,102,103"
38,"101,102,103"
39,"101,102,103"
40,"101,102,103"
41,"101,102,103"
42,"101,102,103"
43,"101,102,103"
44,"101,102,103"
45,"101,102,103"
46,"101,102,103"
47,"101,102,103"
48,"101,102,103"
49,"101,102,103"
50,"101,102,103"
